Target,Feature,Optimal_Lag_Days,Max_Correlation,Corr_at_Lag_0
2_EHA_Domestic_华东,Acrylic_Acid_Domestic_华东,0,0.3473490805861252,0.3473490805861252
2_EHA_Domestic_华东,Acrylic_Acid_Domestic_华南,0,0.2919268818618773,0.2919268818618773
2_EHA_Domestic_华东,Octanol_Domestic_华东,1,0.8641711558987826,0.8635162936654598
2_EHA_Domestic_华东,Octanol_Domestic_山东,1,0.8590976741329246,0.8586477232645141
2_EHA_Domestic_华东,Octanol_Domestic_江苏,1,0.8601919533623505,0.8595643036122395
2_EHA_Domestic_华东,Propylene_Domestic_华东,0,0.28626925367014494,0.28626925367014494
2_EHA_Domestic_华东,Propylene_Domestic_华南,0,0.2773999083389477,0.2773999083389477
2_EHA_Domestic_华东,Propylene_Domestic_山东,0,0.2967474542556669,0.2967474542556669
2_EHA_Domestic_华东,Methanol_Domestic_山东中部,0,0.21636942422007485,0.21636942422007485
2_EHA_Domestic_华南,Acrylic_Acid_Domestic_华东,0,0.3199872797526821,0.3199872797526821
2_EHA_Domestic_华南,Acrylic_Acid_Domestic_华南,0,0.2719607421807432,0.2719607421807432
2_EHA_Domestic_华南,Octanol_Domestic_华东,1,0.8633812703079379,0.8628130956739032
2_EHA_Domestic_华南,Octanol_Domestic_山东,1,0.8586309466889539,0.8582437440529316
2_EHA_Domestic_华南,Octanol_Domestic_江苏,1,0.8597040852237604,0.8591423151104772
2_EHA_Domestic_华南,Propylene_Domestic_华东,0,0.257909881910766,0.257909881910766
2_EHA_Domestic_华南,Propylene_Domestic_华南,0,0.24906671511890607,0.24906671511890607
2_EHA_Domestic_华南,Propylene_Domestic_山东,0,0.2674975246379473,0.2674975246379473
2_EHA_Domestic_华南,Methanol_Domestic_山东中部,60,-0.21112089801675915,0.19233615876322435
Acetone_Domestic_华东,Isopropanol_Domestic_华南,0,0.9347130114681441,0.9347130114681441
Acetone_Domestic_华东,Isopropanol_Domestic_山东,0,0.9424232428550933,0.9424232428550933
Acetone_Domestic_华东,Isopropanol_Domestic_江苏,0,0.9500336753956053,0.9500336753956053
Acetone_Domestic_华东,Benzene_Domestic_华东,4,0.7813759268295151,0.7809746889113215
Acetone_Domestic_华东,Benzene_Domestic_华南,0,0.7686716690625293,0.7686716690625293
Acetone_Domestic_华东,Benzene_Domestic_山东,0,0.9436254644828699,0.9436254644828699
Acetone_Domestic_华东,Benzene_Domestic_山东鲁中,0,0.94311107206877,0.94311107206877
Acetone_Domestic_华东,Propylene_Domestic_华东,0,0.9427656622113678,0.9427656622113678
Acetone_Domestic_华东,Propylene_Domestic_华南,0,0.9398798674994675,0.9398798674994675
Acetone_Domestic_华东,Propylene_Domestic_山东,0,0.9311750586641034,0.9311750586641034
Acetone_Domestic_华北,Isopropanol_Domestic_华南,0,0.9450755531533187,0.9450755531533187
Acetone_Domestic_华北,Isopropanol_Domestic_山东,0,0.9603898155911684,0.9603898155911684
Acetone_Domestic_华北,Isopropanol_Domestic_江苏,0,0.9546282208260372,0.9546282208260372
Acetone_Domestic_华北,Benzene_Domestic_华东,1,0.8500941848891319,0.8491767766228608
Acetone_Domestic_华北,Benzene_Domestic_华南,0,0.8507286826788323,0.8507286826788323
Acetone_Domestic_华北,Benzene_Domestic_山东,1,0.8824379689513518,0.8821973044632273
Acetone_Domestic_华北,Benzene_Domestic_山东鲁中,1,0.8820194656789813,0.8818481116372113
Acetone_Domestic_华北,Propylene_Domestic_华东,1,0.57119096404557,0.5706663249280701
Acetone_Domestic_华北,Propylene_Domestic_华南,0,0.5766507163891217,0.5766507163891217
Acetone_Domestic_华北,Propylene_Domestic_山东,1,0.5512979264676615,0.5508176312102515
Acetone_Domestic_华南,Isopropanol_Domestic_华南,0,0.9502016447641686,0.9502016447641686
Acetone_Domestic_华南,Isopropanol_Domestic_山东,0,0.9584581871015121,0.9584581871015121
Acetone_Domestic_华南,Isopropanol_Domestic_江苏,0,0.9608425883530393,0.9608425883530393
Acetone_Domestic_华南,Benzene_Domestic_华东,1,0.8282369470376015,0.8280849294435337
Acetone_Domestic_华南,Benzene_Domestic_华南,0,0.828774004047661,0.828774004047661
Acetone_Domestic_华南,Benzene_Domestic_山东,0,0.8683156361980068,0.8683156361980068
Acetone_Domestic_华南,Benzene_Domestic_山东鲁中,0,0.8676410430591137,0.8676410430591137
Acetone_Domestic_华南,Propylene_Domestic_华东,0,0.6012671044698501,0.6012671044698501
Acetone_Domestic_华南,Propylene_Domestic_华南,0,0.6085775017568321,0.6085775017568321
Acetone_Domestic_华南,Propylene_Domestic_山东,0,0.5907962837132507,0.5907962837132507
Acetone_Domestic_宁波,Isopropanol_Domestic_华南,0,0.937107993327487,0.937107993327487
Acetone_Domestic_宁波,Isopropanol_Domestic_山东,0,0.9551481000417951,0.9551481000417951
Acetone_Domestic_宁波,Isopropanol_Domestic_江苏,0,0.9504679231920824,0.9504679231920824
Acetone_Domestic_宁波,Benzene_Domestic_华东,0,0.8500593739600151,0.8500593739600151
Acetone_Domestic_宁波,Benzene_Domestic_华南,0,0.8506921562103775,0.8506921562103775
Acetone_Domestic_宁波,Benzene_Domestic_山东,0,0.882135980998734,0.882135980998734
Acetone_Domestic_宁波,Benzene_Domestic_山东鲁中,0,0.8815664274545935,0.8815664274545935
Acetone_Domestic_宁波,Propylene_Domestic_华东,0,0.5954574270794728,0.5954574270794728
Acetone_Domestic_宁波,Propylene_Domestic_华南,0,0.6010772732193945,0.6010772732193945
Acetone_Domestic_宁波,Propylene_Domestic_山东,0,0.5717316374371595,0.5717316374371595
Acetone_Domestic_山东,Isopropanol_Domestic_华南,0,0.9483184530946425,0.9483184530946425
Acetone_Domestic_山东,Isopropanol_Domestic_山东,0,0.9618279069309021,0.9618279069309021
Acetone_Domestic_山东,Isopropanol_Domestic_江苏,0,0.9572135809823893,0.9572135809823893
Acetone_Domestic_山东,Benzene_Domestic_华东,1,0.8510941491304249,0.8498683734156149
Acetone_Domestic_山东,Benzene_Domestic_华南,1,0.8510782873564037,0.850920019800528
Acetone_Domestic_山东,Benzene_Domestic_山东,1,0.8825322137972506,0.8820589829092575
Acetone_Domestic_山东,Benzene_Domestic_山东鲁中,1,0.8821383533159368,0.8816899498657677
Acetone_Domestic_山东,Propylene_Domestic_华东,1,0.5602406203724491,0.5596537779208377
Acetone_Domestic_山东,Propylene_Domestic_华南,0,0.5654443587379993,0.5654443587379993
Acetone_Domestic_山东,Propylene_Domestic_山东,1,0.5418524471440758,0.5413271620385085
Acetone_Domestic_江苏,Isopropanol_Domestic_华南,0,0.9355529674819467,0.9355529674819467
Acetone_Domestic_江苏,Isopropanol_Domestic_山东,0,0.9539366368323339,0.9539366368323339
Acetone_Domestic_江苏,Isopropanol_Domestic_江苏,0,0.949024002293358,0.949024002293358
Acetone_Domestic_江苏,Benzene_Domestic_华东,0,0.8491231552257372,0.8491231552257372
Acetone_Domestic_江苏,Benzene_Domestic_华南,0,0.8496498900075857,0.8496498900075857
Acetone_Domestic_江苏,Benzene_Domestic_山东,0,0.8827081202279419,0.8827081202279419
Acetone_Domestic_江苏,Benzene_Domestic_山东鲁中,0,0.8821471526754179,0.8821471526754179
Acetone_Domestic_江苏,Propylene_Domestic_华东,0,0.6015159943295458,0.6015159943295458
Acetone_Domestic_江苏,Propylene_Domestic_华南,0,0.6071039496814976,0.6071039496814976
Acetone_Domestic_江苏,Propylene_Domestic_山东,0,0.5775406381210848,0.5775406381210848
Acetone_Domestic_黑龙江,Isopropanol_Domestic_华南,0,0.9580068981502962,0.9580068981502962
Acetone_Domestic_黑龙江,Isopropanol_Domestic_山东,0,0.9640235172176631,0.9640235172176631
Acetone_Domestic_黑龙江,Isopropanol_Domestic_江苏,0,0.9633089993926194,0.9633089993926194
Acetone_Domestic_黑龙江,Benzene_Domestic_华东,1,0.79760268050171,0.7974571287894084
Acetone_Domestic_黑龙江,Benzene_Domestic_华南,0,0.8015368919991872,0.8015368919991872
Acetone_Domestic_黑龙江,Benzene_Domestic_山东,0,0.8797641084183552,0.8797641084183552
Acetone_Domestic_黑龙江,Benzene_Domestic_山东鲁中,0,0.87938093048592,0.87938093048592
Acetone_Domestic_黑龙江,Propylene_Domestic_华东,0,0.821922091951521,0.821922091951521
Acetone_Domestic_黑龙江,Propylene_Domestic_华南,0,0.8256101988011542,0.8256101988011542
Acetone_Domestic_黑龙江,Propylene_Domestic_山东,0,0.816852243786148,0.816852243786148
Acrylic_Acid_Domestic_华东,Propylene_Domestic_华东,0,0.6998092124098354,0.6998092124098354
Acrylic_Acid_Domestic_华东,Propylene_Domestic_华南,0,0.6931087685124181,0.6931087685124181
Acrylic_Acid_Domestic_华东,Propylene_Domestic_山东,0,0.6492323830914637,0.6492323830914637
Acrylic_Acid_Domestic_华北,Propylene_Domestic_华东,0,0.7518587543517872,0.7518587543517872
Acrylic_Acid_Domestic_华北,Propylene_Domestic_华南,0,0.7417928114425646,0.7417928114425646
Acrylic_Acid_Domestic_华北,Propylene_Domestic_山东,0,0.7119924794872263,0.7119924794872263
Acrylic_Acid_Domestic_华南,Propylene_Domestic_华东,0,0.7663308773411271,0.7663308773411271
Acrylic_Acid_Domestic_华南,Propylene_Domestic_华南,0,0.7556946871107358,0.7556946871107358
Acrylic_Acid_Domestic_华南,Propylene_Domestic_山东,0,0.7218708683981281,0.7218708683981281
Butyl_Acetate_Domestic_华东,n-Butanol_Domestic_华东,1,0.9617720465898251,0.9610411222641924
Butyl_Acetate_Domestic_华东,n-Butanol_Domestic_华南,1,0.9609162859586644,0.9604287506479687
Butyl_Acetate_Domestic_华东,n-Butanol_Domestic_山东,1,0.9630608071630186,0.9624568766415604
Butyl_Acetate_Domestic_华东,Acetic_Acid_Domestic_华南,2,0.8387108543465067,0.8367787278627338
Butyl_Acetate_Domestic_华东,Acetic_Acid_Domestic_山东,2,0.8366004665530806,0.8349444806389544
Butyl_Acetate_Domestic_华东,Acetic_Acid_Domestic_江苏,3,0.8366937207933168,0.8323084010567419
Butyl_Acetate_Domestic_华东,Propylene_Domestic_华东,1,0.39922523932753595,0.39896743011984964
Butyl_Acetate_Domestic_华东,Propylene_Domestic_华南,0,0.39736943936064933,0.39736943936064933
Butyl_Acetate_Domestic_华东,Propylene_Domestic_山东,1,0.4384152136148094,0.43810116033484653
Butyl_Acetate_Domestic_华东,Methanol_Domestic_山东中部,0,0.3561423554629574,0.3561423554629574
Butyl_Acetate_Domestic_华北,n-Butanol_Domestic_华东,0,0.9690404178739698,0.9690404178739698
Butyl_Acetate_Domestic_华北,n-Butanol_Domestic_华南,0,0.9644789395532974,0.9644789395532974
Butyl_Acetate_Domestic_华北,n-Butanol_Domestic_山东,0,0.9697115127519667,0.9697115127519667
Butyl_Acetate_Domestic_华北,Acetic_Acid_Domestic_华南,2,0.8481948058742613,0.8466575209591569
Butyl_Acetate_Domestic_华北,Acetic_Acid_Domestic_山东,1,0.8475848550568762,0.8463894397619243
Butyl_Acetate_Domestic_华北,Acetic_Acid_Domestic_江苏,3,0.8483983727926029,0.8441961368306056
Butyl_Acetate_Domestic_华北,Propylene_Domestic_华东,0,0.3931814518061538,0.3931814518061538
Butyl_Acetate_Domestic_华北,Propylene_Domestic_华南,0,0.391119363118625,0.391119363118625
Butyl_Acetate_Domestic_华北,Propylene_Domestic_山东,0,0.4309067441147553,0.4309067441147553
Butyl_Acetate_Domestic_华北,Methanol_Domestic_山东中部,0,0.3475802950913902,0.3475802950913902
Butyl_Acetate_Domestic_华南,n-Butanol_Domestic_华东,1,0.9622320610842681,0.9620684273687194
Butyl_Acetate_Domestic_华南,n-Butanol_Domestic_华南,1,0.9654220705541715,0.965369810867133
Butyl_Acetate_Domestic_华南,n-Butanol_Domestic_山东,1,0.9625545673539135,0.9624564898808952
Butyl_Acetate_Domestic_华南,Acetic_Acid_Domestic_华南,1,0.8501070218992721,0.8488235003959427
Butyl_Acetate_Domestic_华南,Acetic_Acid_Domestic_山东,1,0.8441812638407282,0.8431117679921623
Butyl_Acetate_Domestic_华南,Acetic_Acid_Domestic_江苏,3,0.8452881990207624,0.8416703289590621
Butyl_Acetate_Domestic_华南,Propylene_Domestic_华东,0,0.3992266162368932,0.3992266162368932
Butyl_Acetate_Domestic_华南,Propylene_Domestic_华南,0,0.3964278775304145,0.3964278775304145
Butyl_Acetate_Domestic_华南,Propylene_Domestic_山东,0,0.43882227931731205,0.43882227931731205
Butyl_Acetate_Domestic_华南,Methanol_Domestic_山东中部,0,0.3525190914139162,0.3525190914139162
Butyl_Acrylate_Domestic_华东,Acrylic_Acid_Domestic_华东,0,0.6551312601469321,0.6551312601469321
Butyl_Acrylate_Domestic_华东,Acrylic_Acid_Domestic_华南,0,0.6538614192236365,0.6538614192236365
Butyl_Acrylate_Domestic_华东,n-Butanol_Domestic_华东,0,0.7748229448818102,0.7748229448818102
Butyl_Acrylate_Domestic_华东,n-Butanol_Domestic_华南,0,0.7969546225696883,0.7969546225696883
Butyl_Acrylate_Domestic_华东,n-Butanol_Domestic_山东,0,0.7787816546368648,0.7787816546368648
Butyl_Acrylate_Domestic_华东,Propylene_Domestic_华东,0,0.5284428857778839,0.5284428857778839
Butyl_Acrylate_Domestic_华东,Propylene_Domestic_华南,0,0.5156878121353708,0.5156878121353708
Butyl_Acrylate_Domestic_华东,Propylene_Domestic_山东,0,0.5351688431855887,0.5351688431855887
Butyl_Acrylate_Domestic_华东,Methanol_Domestic_山东中部,0,0.42446768601147317,0.42446768601147317
Butyl_Acrylate_Domestic_华北,Acrylic_Acid_Domestic_华东,0,0.960296840189772,0.960296840189772
Butyl_Acrylate_Domestic_华北,Acrylic_Acid_Domestic_华南,0,0.9541308048362683,0.9541308048362683
Butyl_Acrylate_Domestic_华北,n-Butanol_Domestic_华东,0,0.8035060741417924,0.8035060741417924
Butyl_Acrylate_Domestic_华北,n-Butanol_Domestic_华南,0,0.8410584620613402,0.8410584620613402
Butyl_Acrylate_Domestic_华北,n-Butanol_Domestic_山东,0,0.7896518670484154,0.7896518670484154
Butyl_Acrylate_Domestic_华北,Propylene_Domestic_华东,0,0.5459502661375092,0.5459502661375092
Butyl_Acrylate_Domestic_华北,Propylene_Domestic_华南,0,0.5211438617350186,0.5211438617350186
Butyl_Acrylate_Domestic_华北,Propylene_Domestic_山东,0,0.48759472230464385,0.48759472230464385
Butyl_Acrylate_Domestic_华北,Methanol_Domestic_山东中部,0,0.3590309612388436,0.3590309612388436
Butyl_Acrylate_Domestic_华南,Acrylic_Acid_Domestic_华东,0,0.6163788897380148,0.6163788897380148
Butyl_Acrylate_Domestic_华南,Acrylic_Acid_Domestic_华南,0,0.638121495131789,0.638121495131789
Butyl_Acrylate_Domestic_华南,n-Butanol_Domestic_华东,0,0.7754491538361119,0.7754491538361119
Butyl_Acrylate_Domestic_华南,n-Butanol_Domestic_华南,0,0.7976977358008472,0.7976977358008472
Butyl_Acrylate_Domestic_华南,n-Butanol_Domestic_山东,0,0.7799845161381257,0.7799845161381257
Butyl_Acrylate_Domestic_华南,Propylene_Domestic_华东,0,0.5297265061948763,0.5297265061948763
Butyl_Acrylate_Domestic_华南,Propylene_Domestic_华南,0,0.5168701089178895,0.5168701089178895
Butyl_Acrylate_Domestic_华南,Propylene_Domestic_山东,0,0.5364000977173942,0.5364000977173942
Butyl_Acrylate_Domestic_华南,Methanol_Domestic_山东中部,0,0.41833891586141014,0.41833891586141014
Ethyl_Acetate_Domestic_华东,Ethanol_Domestic_山东,0,0.8618845962465649,0.8618845962465649
Ethyl_Acetate_Domestic_华东,Acetic_Acid_Domestic_华南,0,0.8191332569768758,0.8191332569768758
Ethyl_Acetate_Domestic_华东,Acetic_Acid_Domestic_山东,0,0.782432967512991,0.782432967512991
Ethyl_Acetate_Domestic_华东,Acetic_Acid_Domestic_江苏,1,0.8167816949234767,0.8166476644197681
Ethyl_Acetate_Domestic_华东,Ethylene_Domestic_华东,0,0.35679557460994116,0.35679557460994116
Ethyl_Acetate_Domestic_华东,Methanol_Domestic_山东中部,0,0.26101768074268217,0.26101768074268217
Ethyl_Acetate_Domestic_华北,Ethanol_Domestic_山东,0,0.8624822608004218,0.8624822608004218
Ethyl_Acetate_Domestic_华北,Acetic_Acid_Domestic_华南,0,0.8139383531019313,0.8139383531019313
Ethyl_Acetate_Domestic_华北,Acetic_Acid_Domestic_山东,0,0.7798039820993524,0.7798039820993524
Ethyl_Acetate_Domestic_华北,Acetic_Acid_Domestic_江苏,1,0.8117339993965839,0.8115749110896117
Ethyl_Acetate_Domestic_华北,Ethylene_Domestic_华东,0,0.3557928558270585,0.3557928558270585
Ethyl_Acetate_Domestic_华北,Methanol_Domestic_山东中部,1,0.26384661012495864,0.263708985364499
Ethyl_Acetate_Domestic_华南,Ethanol_Domestic_山东,0,0.8586626871036004,0.8586626871036004
Ethyl_Acetate_Domestic_华南,Acetic_Acid_Domestic_华南,0,0.8169495969784379,0.8169495969784379
Ethyl_Acetate_Domestic_华南,Acetic_Acid_Domestic_山东,0,0.7732262520041872,0.7732262520041872
Ethyl_Acetate_Domestic_华南,Acetic_Acid_Domestic_江苏,0,0.8109056327101047,0.8109056327101047
Ethyl_Acetate_Domestic_华南,Ethylene_Domestic_华东,0,0.3431561995551186,0.3431561995551186
Ethyl_Acetate_Domestic_华南,Methanol_Domestic_山东中部,0,0.26068322452230747,0.26068322452230747
Ethyl_Acrylate_Domestic_华东,Acrylic_Acid_Domestic_华东,3,0.8334605149422899,0.8284327838925976
Ethyl_Acrylate_Domestic_华东,Acrylic_Acid_Domestic_华南,3,0.7893893415396958,0.7833002233039754
Ethyl_Acrylate_Domestic_华东,Ethanol_Domestic_山东,60,-0.11599017253409723,0.11291940306169257
Ethyl_Acrylate_Domestic_华东,Propylene_Domestic_华东,0,0.6472727868014886,0.6472727868014886
Ethyl_Acrylate_Domestic_华东,Propylene_Domestic_华南,0,0.6510287290373942,0.6510287290373942
Ethyl_Acrylate_Domestic_华东,Propylene_Domestic_山东,0,0.6299407083572918,0.6299407083572918
Ethyl_Acrylate_Domestic_华东,Ethylene_Domestic_华东,0,0.6166984303858681,0.6166984303858681
Isobutanol_Domestic_华东,Propylene_Domestic_华东,0,0.348603268339133,0.348603268339133
Isobutanol_Domestic_华东,Propylene_Domestic_华南,0,0.3520716429253601,0.3520716429253601
Isobutanol_Domestic_华东,Propylene_Domestic_山东,0,0.3677108534968241,0.3677108534968241
Isobutanol_Domestic_华北,Propylene_Domestic_华东,1,0.2887738731595995,0.2887362686843893
Isobutanol_Domestic_华北,Propylene_Domestic_华南,0,0.29548770902990296,0.29548770902990296
Isobutanol_Domestic_华北,Propylene_Domestic_山东,0,0.3128656639128228,0.3128656639128228
Isobutanol_Domestic_华南,Propylene_Domestic_华东,0,0.28813286994044063,0.28813286994044063
Isobutanol_Domestic_华南,Propylene_Domestic_华南,0,0.2932314425551757,0.2932314425551757
Isobutanol_Domestic_华南,Propylene_Domestic_山东,0,0.31565898942260406,0.31565898942260406
Isophthalic_Acid_Domestic_华东,m_Xylene_Domestic_弘润石化,0,0.8749892755680485,0.8749892755680485
Isophthalic_Acid_Domestic_华东,m_Xylene_Domestic_燕山石化,0,0.39395110805101574,0.39395110805101574
Isopropanol_Domestic_华南,Propylene_Domestic_华东,0,0.49081999653644165,0.49081999653644165
Isopropanol_Domestic_华南,Propylene_Domestic_华南,0,0.4955295084476648,0.4955295084476648
Isopropanol_Domestic_华南,Propylene_Domestic_山东,0,0.48711104695010965,0.48711104695010965
Isopropanol_Domestic_山东,Propylene_Domestic_华东,0,0.5443811829897671,0.5443811829897671
Isopropanol_Domestic_山东,Propylene_Domestic_华南,0,0.5504195765070993,0.5504195765070993
Isopropanol_Domestic_山东,Propylene_Domestic_山东,1,0.5332936575897518,0.5327549741160779
Isopropanol_Domestic_江苏,Propylene_Domestic_华东,0,0.5072083964427482,0.5072083964427482
Isopropanol_Domestic_江苏,Propylene_Domestic_华南,0,0.5130369456388996,0.5130369456388996
Isopropanol_Domestic_江苏,Propylene_Domestic_山东,0,0.5013420009368998,0.5013420009368998
Isopropanol_Domestic_浙江,Propylene_Domestic_华东,0,0.5172715836557451,0.5172715836557451
Isopropanol_Domestic_浙江,Propylene_Domestic_华南,0,0.5236089225628726,0.5236089225628726
Isopropanol_Domestic_浙江,Propylene_Domestic_山东,0,0.5095601743377319,0.5095601743377319
Isopropanol_Domestic_辽宁,Propylene_Domestic_华东,1,0.7758011757442919,0.7750907812096919
Isopropanol_Domestic_辽宁,Propylene_Domestic_华南,0,0.7797753327534733,0.7797753327534733
Isopropanol_Domestic_辽宁,Propylene_Domestic_山东,1,0.7681551816171512,0.7672850619951304
MMA_Domestic_华东,Acetone_Domestic_华东,0,0.8267124406507629,0.8267124406507629
MMA_Domestic_华东,Acetone_Domestic_华南,7,0.7563907274219532,0.7449335739538238
MMA_Domestic_华东,Acetone_Domestic_山东,6,0.7754337045133873,0.7690624447442448
MMA_Domestic_华东,Acetone_Domestic_江苏,7,0.7759150995077879,0.7670082375033881
MMA_Domestic_华东,Propylene_Domestic_华东,3,0.34174921391609614,0.3408420867772408
MMA_Domestic_华东,Propylene_Domestic_华南,0,0.34226281896296723,0.34226281896296723
MMA_Domestic_华东,Propylene_Domestic_山东,4,0.30695971347439466,0.3049863842457917
MMA_Domestic_华东,Methanol_Domestic_山东中部,0,0.2837759665468889,0.2837759665468889
MMA_Domestic_华南,Acetone_Domestic_华东,0,0.7677970464932949,0.7677970464932949
MMA_Domestic_华南,Acetone_Domestic_华南,7,0.7212871823235212,0.7085704873750636
MMA_Domestic_华南,Acetone_Domestic_山东,6,0.748855440887912,0.7411013245263054
MMA_Domestic_华南,Acetone_Domestic_江苏,7,0.7489373118622712,0.7388043588922875
MMA_Domestic_华南,Propylene_Domestic_华东,3,0.3510754936115795,0.3501428505897675
MMA_Domestic_华南,Propylene_Domestic_华南,1,0.3502497986562598,0.3498404351424374
MMA_Domestic_华南,Propylene_Domestic_山东,3,0.31020549833298205,0.30904302801616573
MMA_Domestic_华南,Methanol_Domestic_山东中部,0,0.29472426625514236,0.29472426625514236
MMA_Domestic_山东,Acetone_Domestic_华东,1,0.8215636583986593,0.8205629798165212
MMA_Domestic_山东,Acetone_Domestic_华南,8,0.7453362740679026,0.7329278053759447
MMA_Domestic_山东,Acetone_Domestic_山东,7,0.7663717378811599,0.7596037355467281
MMA_Domestic_山东,Acetone_Domestic_江苏,7,0.7680905970367058,0.7579499882879265
MMA_Domestic_山东,Propylene_Domestic_华东,4,0.3401971144734095,0.3383624888609235
MMA_Domestic_山东,Propylene_Domestic_华南,1,0.3407122854693227,0.33996299357943593
MMA_Domestic_山东,Propylene_Domestic_山东,5,0.3024784130063646,0.29945609361362713
MMA_Domestic_山东,Methanol_Domestic_山东中部,0,0.2829138090050974,0.2829138090050974
Maleic_Anhydride_Domestic_华南,n-Butanol_Domestic_华东,0,0.6983132214514637,0.6983132214514637
Maleic_Anhydride_Domestic_华南,n-Butanol_Domestic_华南,0,0.6934849508178592,0.6934849508178592
Maleic_Anhydride_Domestic_华南,n-Butanol_Domestic_山东,0,0.7152279186308599,0.7152279186308599
Maleic_Anhydride_Domestic_华南,Methanol_Domestic_山东中部,0,0.6709009232347912,0.6709009232347912
Maleic_Anhydride_Domestic_山东,n-Butanol_Domestic_华东,0,0.6894740906590534,0.6894740906590534
Maleic_Anhydride_Domestic_山东,n-Butanol_Domestic_华南,0,0.6843744638371906,0.6843744638371906
Maleic_Anhydride_Domestic_山东,n-Butanol_Domestic_山东,0,0.7061020836937297,0.7061020836937297
Maleic_Anhydride_Domestic_山东,Methanol_Domestic_山东中部,0,0.6685162620254907,0.6685162620254907
Maleic_Anhydride_Domestic_山西,n-Butanol_Domestic_华东,0,0.6400517987907446,0.6400517987907446
Maleic_Anhydride_Domestic_山西,n-Butanol_Domestic_华南,0,0.6302020030950402,0.6302020030950402
Maleic_Anhydride_Domestic_山西,n-Butanol_Domestic_山东,0,0.667103012322699,0.667103012322699
Maleic_Anhydride_Domestic_山西,Methanol_Domestic_山东中部,0,0.7013497344662113,0.7013497344662113
Maleic_Anhydride_Domestic_江苏,n-Butanol_Domestic_华东,0,0.6976273596687744,0.6976273596687744
Maleic_Anhydride_Domestic_江苏,n-Butanol_Domestic_华南,0,0.6928821892834088,0.6928821892834088
Maleic_Anhydride_Domestic_江苏,n-Butanol_Domestic_山东,0,0.7139345168774478,0.7139345168774478
Maleic_Anhydride_Domestic_江苏,Methanol_Domestic_山东中部,0,0.6605656473234994,0.6605656473234994
Maleic_Anhydride_Domestic_河北,n-Butanol_Domestic_华东,0,0.6620971993033123,0.6620971993033123
Maleic_Anhydride_Domestic_河北,n-Butanol_Domestic_华南,0,0.6440446927333137,0.6440446927333137
Maleic_Anhydride_Domestic_河北,n-Butanol_Domestic_山东,0,0.6857803750212548,0.6857803750212548
Maleic_Anhydride_Domestic_河北,Methanol_Domestic_山东中部,0,0.7568996821843077,0.7568996821843077
Maleic_Anhydride_Domestic_河南,n-Butanol_Domestic_华东,0,0.6793162758421678,0.6793162758421678
Maleic_Anhydride_Domestic_河南,n-Butanol_Domestic_华南,0,0.6613938281112312,0.6613938281112312
Maleic_Anhydride_Domestic_河南,n-Butanol_Domestic_山东,0,0.7012507036551808,0.7012507036551808
Maleic_Anhydride_Domestic_河南,Methanol_Domestic_山东中部,0,0.7125167648760766,0.7125167648760766
Maleic_Anhydride_Domestic_浙江,n-Butanol_Domestic_华东,0,0.7136135704351005,0.7136135704351005
Maleic_Anhydride_Domestic_浙江,n-Butanol_Domestic_华南,0,0.6976314868727608,0.6976314868727608
Maleic_Anhydride_Domestic_浙江,n-Butanol_Domestic_山东,0,0.7333790822739297,0.7333790822739297
Maleic_Anhydride_Domestic_浙江,Methanol_Domestic_山东中部,0,0.6872586101106308,0.6872586101106308
Maleic_Anhydride_Domestic_西北,n-Butanol_Domestic_华东,0,0.6504903350790399,0.6504903350790399
Maleic_Anhydride_Domestic_西北,n-Butanol_Domestic_华南,0,0.6408753853578419,0.6408753853578419
Maleic_Anhydride_Domestic_西北,n-Butanol_Domestic_山东,0,0.6699134820386665,0.6699134820386665
Maleic_Anhydride_Domestic_西北,Methanol_Domestic_山东中部,0,0.6886863526143971,0.6886863526143971
Maleic_Anhydride_Domestic_鲁东,n-Butanol_Domestic_华东,0,0.6710449870987234,0.6710449870987234
Maleic_Anhydride_Domestic_鲁东,n-Butanol_Domestic_华南,0,0.6347956273828844,0.6347956273828844
Maleic_Anhydride_Domestic_鲁东,n-Butanol_Domestic_山东,0,0.6956990977187588,0.6956990977187588
Maleic_Anhydride_Domestic_鲁东,Methanol_Domestic_山东中部,0,0.8196719362911032,0.8196719362911032
PMA_Domestic_华东,PM_Domestic_华东,0,0.9920601878126913,0.9920601878126913
PMA_Domestic_华东,PM_Domestic_华南,0,0.9851018232325669,0.9851018232325669
PMA_Domestic_华东,PM_Domestic_山东,0,0.9652479594687187,0.9652479594687187
PMA_Domestic_华东,Propylene_Oxide_Domestic_华东,5,0.8754997379400468,0.8643115092896257
PMA_Domestic_华东,Propylene_Oxide_Domestic_华南,5,0.8570556991052626,0.8463559943488932
PMA_Domestic_华东,Propylene_Oxide_Domestic_山东,5,0.8763214293212123,0.8654538022784332
PMA_Domestic_华东,Acetic_Acid_Domestic_华南,1,0.733476798019935,0.7327068093020185
PMA_Domestic_华东,Acetic_Acid_Domestic_山东,1,0.7230951947861554,0.722437122886446
PMA_Domestic_华东,Acetic_Acid_Domestic_江苏,3,0.7202657088740533,0.7177206312485191
PMA_Domestic_华东,Methanol_Domestic_山东中部,0,0.7180979186761667,0.7180979186761667
PMA_Domestic_华南,PM_Domestic_华东,0,0.9860509511798953,0.9860509511798953
PMA_Domestic_华南,PM_Domestic_华南,0,0.9904320043326417,0.9904320043326417
PMA_Domestic_华南,PM_Domestic_山东,0,0.9601197712371148,0.9601197712371148
PMA_Domestic_华南,Propylene_Oxide_Domestic_华东,5,0.8681232015141155,0.8557548053239219
PMA_Domestic_华南,Propylene_Oxide_Domestic_华南,5,0.8548522400510297,0.8424605486266022
PMA_Domestic_华南,Propylene_Oxide_Domestic_山东,5,0.8674788237676556,0.8555304774560568
PMA_Domestic_华南,Acetic_Acid_Domestic_华南,2,0.7090622943678488,0.7078308975667639
PMA_Domestic_华南,Acetic_Acid_Domestic_山东,2,0.7032152046654606,0.7021413104917616
PMA_Domestic_华南,Acetic_Acid_Domestic_江苏,4,0.69369332437183,0.6899690860715774
PMA_Domestic_华南,Methanol_Domestic_山东中部,0,0.7226447691749783,0.7226447691749783
PMA_Domestic_山东,PM_Domestic_华东,0,0.9671990597411694,0.9671990597411694
PMA_Domestic_山东,PM_Domestic_华南,0,0.9678393196907223,0.9678393196907223
PMA_Domestic_山东,PM_Domestic_山东,0,0.9553129042401279,0.9553129042401279
PMA_Domestic_山东,Propylene_Oxide_Domestic_华东,3,0.868266286368831,0.8642923054537706
PMA_Domestic_山东,Propylene_Oxide_Domestic_华南,3,0.8575491117310144,0.8537417096515338
PMA_Domestic_山东,Propylene_Oxide_Domestic_山东,3,0.8678373769606638,0.8641147850408728
PMA_Domestic_山东,Acetic_Acid_Domestic_华南,1,0.7167267698444411,0.716008345430459
PMA_Domestic_山东,Acetic_Acid_Domestic_山东,1,0.7230963968144243,0.7224625844820921
PMA_Domestic_山东,Acetic_Acid_Domestic_江苏,3,0.7081959664763148,0.7065701222203128
PMA_Domestic_山东,Methanol_Domestic_山东中部,0,0.6920450591219888,0.6920450591219888
PM_Domestic_华东,Propylene_Oxide_Domestic_华东,4,0.8824010459284289,0.8720914758608769
PM_Domestic_华东,Propylene_Oxide_Domestic_华南,4,0.8531173975151253,0.8431646405324249
PM_Domestic_华东,Propylene_Oxide_Domestic_山东,5,0.8837725978383806,0.8736426182465782
PM_Domestic_华东,Methanol_Domestic_山东中部,0,0.7286903512751667,0.7286903512751667
PM_Domestic_华东,Propylene_Domestic_华东,4,0.8372602030266441,0.8334666599791607
PM_Domestic_华东,Propylene_Domestic_华南,3,0.8292183758556634,0.8277071366550611
PM_Domestic_华东,Propylene_Domestic_山东,4,0.850918611930245,0.8470092746703042
PM_Domestic_华南,Propylene_Oxide_Domestic_华东,5,0.8671748030722045,0.8563161248648427
PM_Domestic_华南,Propylene_Oxide_Domestic_华南,4,0.8352709122743989,0.8243171471392569
PM_Domestic_华南,Propylene_Oxide_Domestic_山东,5,0.8667559384937747,0.8560969995532317
PM_Domestic_华南,Methanol_Domestic_山东中部,0,0.7320814165991293,0.7320814165991293
PM_Domestic_华南,Propylene_Domestic_华东,4,0.833549438342936,0.8290290203433462
PM_Domestic_华南,Propylene_Domestic_华南,3,0.8259148388828053,0.8235022219412353
PM_Domestic_华南,Propylene_Domestic_山东,4,0.8518454562162379,0.8471284226951468
PM_Domestic_山东,Propylene_Oxide_Domestic_华东,3,0.8921869469281337,0.8879314123663041
PM_Domestic_山东,Propylene_Oxide_Domestic_华南,3,0.8447334148034438,0.8406377448563412
PM_Domestic_山东,Propylene_Oxide_Domestic_山东,3,0.8919560037038823,0.8881127379088988
PM_Domestic_山东,Methanol_Domestic_山东中部,0,0.6924003988779053,0.6924003988779053
PM_Domestic_山东,Propylene_Domestic_华东,3,0.7814202937279652,0.7788999567173954
PM_Domestic_山东,Propylene_Domestic_华南,1,0.7703968017297659,0.7697366068373805
PM_Domestic_山东,Propylene_Domestic_山东,4,0.8025921709009534,0.7995922025270251
PTA_Domestic_华东,Xylene_Domestic_山东,0,0.788211562277869,0.788211562277869
PTA_Domestic_华东,Xylene_Domestic_江苏,0,0.8268101408609105,0.8268101408609105
PTA_Domestic_华东,o_Xylene_Domestic_华东,0,0.8759191139911964,0.8759191139911964
PTA_Domestic_华东,o_Xylene_Domestic_华南,0,0.8759191139911964,0.8759191139911964
PTA_Domestic_华东,o_Xylene_Domestic_江苏,0,0.8950258901242902,0.8950258901242902
Phthalic_Anhydride_Domestic_华东,o_Xylene_Domestic_华东,0,0.9450022038066098,0.9450022038066098
Phthalic_Anhydride_Domestic_华东,o_Xylene_Domestic_华南,0,0.9450022038066098,0.9450022038066098
Phthalic_Anhydride_Domestic_华东,o_Xylene_Domestic_江苏,0,0.959327645699712,0.959327645699712
Phthalic_Anhydride_Domestic_华北,o_Xylene_Domestic_华东,0,0.953685712533643,0.953685712533643
Phthalic_Anhydride_Domestic_华北,o_Xylene_Domestic_华南,0,0.953685712533643,0.953685712533643
Phthalic_Anhydride_Domestic_华北,o_Xylene_Domestic_江苏,0,0.9634103165015467,0.9634103165015467
Phthalic_Anhydride_Domestic_华南,o_Xylene_Domestic_华东,0,0.9294295341092532,0.9294295341092532
Phthalic_Anhydride_Domestic_华南,o_Xylene_Domestic_华南,0,0.9294295341092532,0.9294295341092532
Phthalic_Anhydride_Domestic_华南,o_Xylene_Domestic_江苏,0,0.9385689776934331,0.9385689776934331
Phthalic_Anhydride_Domestic_安徽,o_Xylene_Domestic_华东,1,0.9806955643139037,0.9800513549328744
Phthalic_Anhydride_Domestic_安徽,o_Xylene_Domestic_华南,1,0.9806955643139037,0.9800513549328744
Phthalic_Anhydride_Domestic_安徽,o_Xylene_Domestic_江苏,0,0.977639210905375,0.977639210905375
Phthalic_Anhydride_Domestic_山东,o_Xylene_Domestic_华东,0,0.9478691286053642,0.9478691286053642
Phthalic_Anhydride_Domestic_山东,o_Xylene_Domestic_华南,0,0.9478691286053642,0.9478691286053642
Phthalic_Anhydride_Domestic_山东,o_Xylene_Domestic_江苏,0,0.9557122601088134,0.9557122601088134
Phthalic_Anhydride_Domestic_广东,o_Xylene_Domestic_华东,0,0.950139806956602,0.950139806956602
Phthalic_Anhydride_Domestic_广东,o_Xylene_Domestic_华南,0,0.950139806956602,0.950139806956602
Phthalic_Anhydride_Domestic_广东,o_Xylene_Domestic_江苏,0,0.95020920407445,0.95020920407445
Phthalic_Anhydride_Domestic_河北,o_Xylene_Domestic_华东,0,0.9060093743773586,0.9060093743773586
Phthalic_Anhydride_Domestic_河北,o_Xylene_Domestic_华南,0,0.9060093743773586,0.9060093743773586
Phthalic_Anhydride_Domestic_河北,o_Xylene_Domestic_江苏,0,0.938363291930865,0.938363291930865
Styrene_Domestic_中沙天津,Ethylbenzene_Domestic_吉林石化,0,0.14025256203478167,0.14025256203478167
Styrene_Domestic_中沙天津,Ethylbenzene_Domestic_广州石化,0,0.6856451419803182,0.6856451419803182
Styrene_Domestic_中沙天津,Ethylbenzene_Domestic_茂名石化,0,0.6856451419803182,0.6856451419803182
Styrene_Domestic_中沙天津,Propylene_Domestic_华东,0,0.6759594031879117,0.6759594031879117
Styrene_Domestic_中沙天津,Propylene_Domestic_华南,0,0.6726271703917848,0.6726271703917848
Styrene_Domestic_中沙天津,Propylene_Domestic_山东,0,0.6641041563050272,0.6641041563050272
Styrene_Domestic_中海壳牌,Ethylbenzene_Domestic_吉林石化,0,0.3645507351367689,0.3645507351367689
Styrene_Domestic_中海壳牌,Ethylbenzene_Domestic_广州石化,60,-0.14447421783795042,0.047109262857040514
Styrene_Domestic_中海壳牌,Ethylbenzene_Domestic_茂名石化,60,-0.14447421783795042,0.047109262857040514
Styrene_Domestic_中海壳牌,Propylene_Domestic_华东,0,0.1267759126874651,0.1267759126874651
Styrene_Domestic_中海壳牌,Propylene_Domestic_华南,0,0.13780818197828965,0.13780818197828965
Styrene_Domestic_中海壳牌,Propylene_Domestic_山东,60,-0.09642242574038545,0.07174385636144141
Styrene_Domestic_中石化华东,Ethylbenzene_Domestic_吉林石化,0,0.16464823029026868,0.16464823029026868
Styrene_Domestic_中石化华东,Ethylbenzene_Domestic_广州石化,0,0.7064182118045386,0.7064182118045386
Styrene_Domestic_中石化华东,Ethylbenzene_Domestic_茂名石化,0,0.7064182118045386,0.7064182118045386
Styrene_Domestic_中石化华东,Propylene_Domestic_华东,0,0.6689716145519159,0.6689716145519159
Styrene_Domestic_中石化华东,Propylene_Domestic_华南,0,0.6656236106951133,0.6656236106951133
Styrene_Domestic_中石化华东,Propylene_Domestic_山东,0,0.6623577356731687,0.6623577356731687
Styrene_Domestic_京博思达睿新材料,Ethylbenzene_Domestic_广州石化,6,0.7368175662062068,0.718788054028813
Styrene_Domestic_京博思达睿新材料,Ethylbenzene_Domestic_茂名石化,6,0.7368175662062068,0.718788054028813
Styrene_Domestic_京博思达睿新材料,Propylene_Domestic_华东,7,0.9318307774173866,0.9244965373349253
Styrene_Domestic_京博思达睿新材料,Propylene_Domestic_华南,7,0.9262265403904232,0.9220466253449132
Styrene_Domestic_京博思达睿新材料,Propylene_Domestic_山东,7,0.9198008643007282,0.9143069111570953
Styrene_Domestic_兰州汇丰,Ethylbenzene_Domestic_吉林石化,0,0.18374405557868595,0.18374405557868595
Styrene_Domestic_兰州汇丰,Ethylbenzene_Domestic_广州石化,60,-0.3877018893363709,-0.2806395310105952
Styrene_Domestic_兰州汇丰,Ethylbenzene_Domestic_茂名石化,60,-0.3877018893363709,-0.2806395310105952
Styrene_Domestic_兰州汇丰,Propylene_Domestic_华东,0,0.17379002832477808,0.17379002832477808
Styrene_Domestic_兰州汇丰,Propylene_Domestic_华南,0,0.1826711285434782,0.1826711285434782
Styrene_Domestic_兰州汇丰,Propylene_Domestic_山东,0,0.09821144000851495,0.09821144000851495
Styrene_Domestic_华星石化,Ethylbenzene_Domestic_吉林石化,0,0.18783436942237078,0.18783436942237078
Styrene_Domestic_华星石化,Ethylbenzene_Domestic_广州石化,60,-0.37471047718590494,-0.3602423801624864
Styrene_Domestic_华星石化,Ethylbenzene_Domestic_茂名石化,60,-0.37471047718590494,-0.3602423801624864
Styrene_Domestic_华星石化,Propylene_Domestic_华东,0,0.17745929166841645,0.17745929166841645
Styrene_Domestic_华星石化,Propylene_Domestic_华南,0,0.18591237878891032,0.18591237878891032
Styrene_Domestic_华星石化,Propylene_Domestic_山东,0,0.10106414162218731,0.10106414162218731
Styrene_Domestic_古雷石化,Ethylbenzene_Domestic_广州石化,0,0.7716637425259264,0.7716637425259264
Styrene_Domestic_古雷石化,Ethylbenzene_Domestic_茂名石化,0,0.7716637425259264,0.7716637425259264
Styrene_Domestic_古雷石化,Propylene_Domestic_华东,0,0.8742249754021918,0.8742249754021918
Styrene_Domestic_古雷石化,Propylene_Domestic_华南,0,0.8651407053024365,0.8651407053024365
Styrene_Domestic_古雷石化,Propylene_Domestic_山东,0,0.8638238698391608,0.8638238698391608
Styrene_Domestic_吉林石化,Ethylbenzene_Domestic_吉林石化,0,0.14308119763576763,0.14308119763576763
Styrene_Domestic_吉林石化,Ethylbenzene_Domestic_广州石化,0,0.7188174645818002,0.7188174645818002
Styrene_Domestic_吉林石化,Ethylbenzene_Domestic_茂名石化,0,0.7188174645818002,0.7188174645818002
Styrene_Domestic_吉林石化,Propylene_Domestic_华东,0,0.6542127390691724,0.6542127390691724
Styrene_Domestic_吉林石化,Propylene_Domestic_华南,0,0.6526723808173173,0.6526723808173173
Styrene_Domestic_吉林石化,Propylene_Domestic_山东,0,0.6439354373069106,0.6439354373069106
Styrene_Domestic_唐山旭阳,Ethylbenzene_Domestic_吉林石化,0,0.15174418765320025,0.15174418765320025
Styrene_Domestic_唐山旭阳,Ethylbenzene_Domestic_广州石化,0,0.6961428277228305,0.6961428277228305
Styrene_Domestic_唐山旭阳,Ethylbenzene_Domestic_茂名石化,0,0.6961428277228305,0.6961428277228305
Styrene_Domestic_唐山旭阳,Propylene_Domestic_华东,9,0.5888486247601129,0.5791273403093599
Styrene_Domestic_唐山旭阳,Propylene_Domestic_华南,9,0.5899375917911093,0.5874330052992217
Styrene_Domestic_唐山旭阳,Propylene_Domestic_山东,9,0.5860442550337341,0.5825190062141701
Styrene_Domestic_大庆石化,Ethylbenzene_Domestic_吉林石化,0,0.14308888367511946,0.14308888367511946
Styrene_Domestic_大庆石化,Ethylbenzene_Domestic_广州石化,0,0.7188050108930044,0.7188050108930044
Styrene_Domestic_大庆石化,Ethylbenzene_Domestic_茂名石化,0,0.7188050108930044,0.7188050108930044
Styrene_Domestic_大庆石化,Propylene_Domestic_华东,0,0.6542202720150827,0.6542202720150827
Styrene_Domestic_大庆石化,Propylene_Domestic_华南,0,0.6526812693543124,0.6526812693543124
Styrene_Domestic_大庆石化,Propylene_Domestic_山东,0,0.6439395078053417,0.6439395078053417
Styrene_Domestic_天津大沽,Ethylbenzene_Domestic_吉林石化,0,0.15849928504106636,0.15849928504106636
Styrene_Domestic_天津大沽,Ethylbenzene_Domestic_广州石化,0,0.7171000240218104,0.7171000240218104
Styrene_Domestic_天津大沽,Ethylbenzene_Domestic_茂名石化,0,0.7171000240218104,0.7171000240218104
Styrene_Domestic_天津大沽,Propylene_Domestic_华东,0,0.6678551510226493,0.6678551510226493
Styrene_Domestic_天津大沽,Propylene_Domestic_华南,0,0.66535377178421,0.66535377178421
Styrene_Domestic_天津大沽,Propylene_Domestic_山东,0,0.6588170647811571,0.6588170647811571
Styrene_Domestic_安徽嘉玺,Ethylbenzene_Domestic_广州石化,0,0.8890040488364237,0.8890040488364237
Styrene_Domestic_安徽嘉玺,Ethylbenzene_Domestic_茂名石化,0,0.8890040488364237,0.8890040488364237
Styrene_Domestic_安徽嘉玺,Propylene_Domestic_华东,0,0.6916566523546404,0.6916566523546404
Styrene_Domestic_安徽嘉玺,Propylene_Domestic_华南,0,0.6780830284641289,0.6780830284641289
Styrene_Domestic_安徽嘉玺,Propylene_Domestic_山东,0,0.6683452393443631,0.6683452393443631
Styrene_Domestic_山东利华益,Ethylbenzene_Domestic_吉林石化,0,0.14363732984166633,0.14363732984166633
Styrene_Domestic_山东利华益,Ethylbenzene_Domestic_广州石化,0,0.7057538000742781,0.7057538000742781
Styrene_Domestic_山东利华益,Ethylbenzene_Domestic_茂名石化,0,0.7057538000742781,0.7057538000742781
Styrene_Domestic_山东利华益,Propylene_Domestic_华东,0,0.6617124878338192,0.6617124878338192
Styrene_Domestic_山东利华益,Propylene_Domestic_华南,0,0.6592502615527782,0.6592502615527782
Styrene_Domestic_山东利华益,Propylene_Domestic_山东,0,0.6524665677312618,0.6524665677312618
Styrene_Domestic_山东晟原,Ethylbenzene_Domestic_吉林石化,0,0.4272266175688929,0.4272266175688929
Styrene_Domestic_山东晟原,Ethylbenzene_Domestic_广州石化,60,-0.26189753517578646,-0.24849173214654316
Styrene_Domestic_山东晟原,Ethylbenzene_Domestic_茂名石化,60,-0.26189753517578646,-0.24849173214654316
Styrene_Domestic_山东晟原,Propylene_Domestic_华东,0,0.10821683097706437,0.10821683097706437
Styrene_Domestic_山东晟原,Propylene_Domestic_华南,0,0.11614054388395355,0.11614054388395355
Styrene_Domestic_山东晟原,Propylene_Domestic_山东,60,-0.1433332058430268,0.028812596676277037
Styrene_Domestic_广州石化,Ethylbenzene_Domestic_吉林石化,0,0.18562407541322157,0.18562407541322157
Styrene_Domestic_广州石化,Ethylbenzene_Domestic_广州石化,0,0.7013210687766815,0.7013210687766815
Styrene_Domestic_广州石化,Ethylbenzene_Domestic_茂名石化,0,0.7013210687766815,0.7013210687766815
Styrene_Domestic_广州石化,Propylene_Domestic_华东,0,0.6873829039134599,0.6873829039134599
Styrene_Domestic_广州石化,Propylene_Domestic_华南,0,0.684407022581898,0.684407022581898
Styrene_Domestic_广州石化,Propylene_Domestic_山东,0,0.6776301160344593,0.6776301160344593
Styrene_Domestic_抚顺石化,Ethylbenzene_Domestic_吉林石化,0,0.14308501999573478,0.14308501999573478
Styrene_Domestic_抚顺石化,Ethylbenzene_Domestic_广州石化,0,0.7188111347618111,0.7188111347618111
Styrene_Domestic_抚顺石化,Ethylbenzene_Domestic_茂名石化,0,0.7188111347618111,0.7188111347618111
Styrene_Domestic_抚顺石化,Propylene_Domestic_华东,0,0.6542170232564005,0.6542170232564005
Styrene_Domestic_抚顺石化,Propylene_Domestic_华南,0,0.6526767312634315,0.6526767312634315
Styrene_Domestic_抚顺石化,Propylene_Domestic_山东,0,0.6439379740760727,0.6439379740760727
Styrene_Domestic_河北盛腾,Ethylbenzene_Domestic_吉林石化,60,-0.017069066876690273,-0.016080496359995335
Styrene_Domestic_河北盛腾,Ethylbenzene_Domestic_广州石化,0,0.488712602006087,0.488712602006087
Styrene_Domestic_河北盛腾,Ethylbenzene_Domestic_茂名石化,0,0.488712602006087,0.488712602006087
Styrene_Domestic_河北盛腾,Propylene_Domestic_华东,0,0.6467876728797151,0.6467876728797151
Styrene_Domestic_河北盛腾,Propylene_Domestic_华南,0,0.6471854624853829,0.6471854624853829
Styrene_Domestic_河北盛腾,Propylene_Domestic_山东,0,0.613573571730447,0.613573571730447
Styrene_Domestic_浙江石化,Ethylbenzene_Domestic_吉林石化,9,0.5700261801548818,0.5185279637033443
Styrene_Domestic_浙江石化,Ethylbenzene_Domestic_广州石化,20,0.18788763358567842,0.15877768353596655
Styrene_Domestic_浙江石化,Ethylbenzene_Domestic_茂名石化,20,0.18788763358567842,0.15877768353596655
Styrene_Domestic_浙江石化,Propylene_Domestic_华东,20,0.1717676262754387,0.15668563960094997
Styrene_Domestic_浙江石化,Propylene_Domestic_华南,10,0.18470527637120493,0.1791339131425619
Styrene_Domestic_浙江石化,Propylene_Domestic_山东,17,0.18456825463734836,0.1523540328397947
Styrene_Domestic_淄博峻辰,Ethylbenzene_Domestic_吉林石化,0,0.18534367538474128,0.18534367538474128
Styrene_Domestic_淄博峻辰,Ethylbenzene_Domestic_广州石化,0,0.7139322018440548,0.7139322018440548
Styrene_Domestic_淄博峻辰,Ethylbenzene_Domestic_茂名石化,0,0.7139322018440548,0.7139322018440548
Styrene_Domestic_淄博峻辰,Propylene_Domestic_华东,0,0.7006277440189173,0.7006277440189173
Styrene_Domestic_淄博峻辰,Propylene_Domestic_华南,0,0.6995660657546136,0.6995660657546136
Styrene_Domestic_淄博峻辰,Propylene_Domestic_山东,0,0.6946855749734434,0.6946855749734434
Styrene_Domestic_渤化发展,Ethylbenzene_Domestic_广州石化,0,0.770114445926347,0.770114445926347
Styrene_Domestic_渤化发展,Ethylbenzene_Domestic_茂名石化,0,0.770114445926347,0.770114445926347
Styrene_Domestic_渤化发展,Propylene_Domestic_华东,0,0.9311145932632728,0.9311145932632728
Styrene_Domestic_渤化发展,Propylene_Domestic_华南,0,0.9238504503039165,0.9238504503039165
Styrene_Domestic_渤化发展,Propylene_Domestic_山东,0,0.9198873064179858,0.9198873064179858
Styrene_Domestic_燕山石化,Ethylbenzene_Domestic_吉林石化,0,0.25397289626237174,0.25397289626237174
Styrene_Domestic_燕山石化,Ethylbenzene_Domestic_广州石化,0,0.4135643707630373,0.4135643707630373
Styrene_Domestic_燕山石化,Ethylbenzene_Domestic_茂名石化,0,0.4135643707630373,0.4135643707630373
Styrene_Domestic_燕山石化,Propylene_Domestic_华东,60,-0.07505666540753655,0.00025718849157169973
Styrene_Domestic_燕山石化,Propylene_Domestic_华南,60,-0.08139092347208696,0.009279553204487475
Styrene_Domestic_燕山石化,Propylene_Domestic_山东,60,-0.08563010257343112,-0.01925127712713893
Styrene_Domestic_盛虹石化,Ethylbenzene_Domestic_广州石化,0,0.91586141590555,0.91586141590555
Styrene_Domestic_盛虹石化,Ethylbenzene_Domestic_茂名石化,0,0.91586141590555,0.91586141590555
Styrene_Domestic_盛虹石化,Propylene_Domestic_华东,0,0.7814966851658545,0.7814966851658545
Styrene_Domestic_盛虹石化,Propylene_Domestic_华南,0,0.7678861012377791,0.7678861012377791
Styrene_Domestic_盛虹石化,Propylene_Domestic_山东,0,0.7577983253955612,0.7577983253955612
Styrene_Domestic_茂名石化,Ethylbenzene_Domestic_吉林石化,0,0.1886937347779835,0.1886937347779835
Styrene_Domestic_茂名石化,Ethylbenzene_Domestic_广州石化,0,0.7119325864673327,0.7119325864673327
Styrene_Domestic_茂名石化,Ethylbenzene_Domestic_茂名石化,0,0.7119325864673327,0.7119325864673327
Styrene_Domestic_茂名石化,Propylene_Domestic_华东,0,0.6665583902245148,0.6665583902245148
Styrene_Domestic_茂名石化,Propylene_Domestic_华南,0,0.6640393484447086,0.6640393484447086
Styrene_Domestic_茂名石化,Propylene_Domestic_山东,0,0.6576858979785964,0.6576858979785964
Styrene_Domestic_连云港石化,Ethylbenzene_Domestic_吉林石化,0,0.15110242160144408,0.15110242160144408
Styrene_Domestic_连云港石化,Ethylbenzene_Domestic_广州石化,0,0.6918868417912609,0.6918868417912609
Styrene_Domestic_连云港石化,Ethylbenzene_Domestic_茂名石化,0,0.6918868417912609,0.6918868417912609
Styrene_Domestic_连云港石化,Propylene_Domestic_华东,0,0.7332490202159644,0.7332490202159644
Styrene_Domestic_连云港石化,Propylene_Domestic_华南,0,0.7304972888814067,0.7304972888814067
Styrene_Domestic_连云港石化,Propylene_Domestic_山东,0,0.7308825644821879,0.7308825644821879
Styrene_Domestic_锦州石化,Ethylbenzene_Domestic_吉林石化,0,0.14307927127494288,0.14307927127494288
Styrene_Domestic_锦州石化,Ethylbenzene_Domestic_广州石化,0,0.7188205526181551,0.7188205526181551
Styrene_Domestic_锦州石化,Ethylbenzene_Domestic_茂名石化,0,0.7188205526181551,0.7188205526181551
Styrene_Domestic_锦州石化,Propylene_Domestic_华东,0,0.6542135857849962,0.6542135857849962
Styrene_Domestic_锦州石化,Propylene_Domestic_华南,0,0.6526726051945761,0.6526726051945761
Styrene_Domestic_锦州石化,Propylene_Domestic_山东,0,0.6439369004581056,0.6439369004581056
Styrene_Domestic_锦西石化,Ethylbenzene_Domestic_广州石化,0,0.7758140088472483,0.7758140088472483
Styrene_Domestic_锦西石化,Ethylbenzene_Domestic_茂名石化,0,0.7758140088472483,0.7758140088472483
Styrene_Domestic_锦西石化,Propylene_Domestic_华东,0,0.8730738350619188,0.8730738350619188
Styrene_Domestic_锦西石化,Propylene_Domestic_华南,0,0.8658189091359942,0.8658189091359942
Styrene_Domestic_锦西石化,Propylene_Domestic_山东,0,0.8634314157256188,0.8634314157256188
Styrene_Domestic_青岛炼化,Ethylbenzene_Domestic_吉林石化,0,0.14541379861921483,0.14541379861921483
Styrene_Domestic_青岛炼化,Ethylbenzene_Domestic_广州石化,0,0.6834039506544818,0.6834039506544818
Styrene_Domestic_青岛炼化,Ethylbenzene_Domestic_茂名石化,0,0.6834039506544818,0.6834039506544818
Styrene_Domestic_青岛炼化,Propylene_Domestic_华东,0,0.6796077744297051,0.6796077744297051
Styrene_Domestic_青岛炼化,Propylene_Domestic_华南,0,0.6762994305594507,0.6762994305594507
Styrene_Domestic_青岛炼化,Propylene_Domestic_山东,0,0.6673065113401809,0.6673065113401809
Styrene_Domestic_齐鲁石化,Ethylbenzene_Domestic_吉林石化,0,0.14173735748621755,0.14173735748621755
Styrene_Domestic_齐鲁石化,Ethylbenzene_Domestic_广州石化,0,0.7022539453404265,0.7022539453404265
Styrene_Domestic_齐鲁石化,Ethylbenzene_Domestic_茂名石化,0,0.7022539453404265,0.7022539453404265
Styrene_Domestic_齐鲁石化,Propylene_Domestic_华东,0,0.6621956940011141,0.6621956940011141
Styrene_Domestic_齐鲁石化,Propylene_Domestic_华南,0,0.6589410521002642,0.6589410521002642
Styrene_Domestic_齐鲁石化,Propylene_Domestic_山东,0,0.6525636324233505,0.6525636324233505
Toluene_Domestic_京津,Benzene_Domestic_华东,0,0.6961095822943513,0.6961095822943513
Toluene_Domestic_京津,Benzene_Domestic_华南,0,0.7014455981431855,0.7014455981431855
Toluene_Domestic_京津,Benzene_Domestic_山东,0,0.7414632538258137,0.7414632538258137
Toluene_Domestic_京津,Benzene_Domestic_山东鲁中,0,0.7394512828574105,0.7394512828574105
Toluene_Domestic_京津,Methanol_Domestic_山东中部,0,0.49163967927553304,0.49163967927553304
Toluene_Domestic_宁波,Benzene_Domestic_华东,0,0.7406163109824757,0.7406163109824757
Toluene_Domestic_宁波,Benzene_Domestic_华南,0,0.7433111626116239,0.7433111626116239
Toluene_Domestic_宁波,Benzene_Domestic_山东,0,0.7821509049085483,0.7821509049085483
Toluene_Domestic_宁波,Benzene_Domestic_山东鲁中,0,0.7806268739435395,0.7806268739435395
Toluene_Domestic_宁波,Methanol_Domestic_山东中部,0,0.5043741696743838,0.5043741696743838
Toluene_Domestic_山东,Benzene_Domestic_华东,0,0.7040406343178912,0.7040406343178912
Toluene_Domestic_山东,Benzene_Domestic_华南,0,0.707409991519648,0.707409991519648
Toluene_Domestic_山东,Benzene_Domestic_山东,0,0.750318073524429,0.750318073524429
Toluene_Domestic_山东,Benzene_Domestic_山东鲁中,0,0.7482393773832084,0.7482393773832084
Toluene_Domestic_山东,Methanol_Domestic_山东中部,0,0.4687214164306136,0.4687214164306136
Toluene_Domestic_广东,Benzene_Domestic_华东,0,0.7369488632680959,0.7369488632680959
Toluene_Domestic_广东,Benzene_Domestic_华南,0,0.7389381969227752,0.7389381969227752
Toluene_Domestic_广东,Benzene_Domestic_山东,0,0.7808145414446934,0.7808145414446934
Toluene_Domestic_广东,Benzene_Domestic_山东鲁中,0,0.7788176527601057,0.7788176527601057
Toluene_Domestic_广东,Methanol_Domestic_山东中部,0,0.5103804381426029,0.5103804381426029
Toluene_Domestic_张家港,Benzene_Domestic_华东,0,0.744550488317708,0.744550488317708
Toluene_Domestic_张家港,Benzene_Domestic_华南,0,0.7439359750804462,0.7439359750804462
Toluene_Domestic_张家港,Benzene_Domestic_山东,0,0.78476443242662,0.78476443242662
Toluene_Domestic_张家港,Benzene_Domestic_山东鲁中,0,0.7830381097688243,0.7830381097688243
Toluene_Domestic_张家港,Methanol_Domestic_山东中部,0,0.5050206411266143,0.5050206411266143
Toluene_Domestic_武汉,Benzene_Domestic_华东,0,0.7194441528108244,0.7194441528108244
Toluene_Domestic_武汉,Benzene_Domestic_华南,0,0.7241656418335612,0.7241656418335612
Toluene_Domestic_武汉,Benzene_Domestic_山东,0,0.7679373359635229,0.7679373359635229
Toluene_Domestic_武汉,Benzene_Domestic_山东鲁中,0,0.7662940822583921,0.7662940822583921
Toluene_Domestic_武汉,Methanol_Domestic_山东中部,0,0.47280509456074093,0.47280509456074093
Toluene_Domestic_江苏,Benzene_Domestic_华东,0,0.744505142175945,0.744505142175945
Toluene_Domestic_江苏,Benzene_Domestic_华南,0,0.7438923990749614,0.7438923990749614
Toluene_Domestic_江苏,Benzene_Domestic_山东,0,0.7847117937362255,0.7847117937362255
Toluene_Domestic_江苏,Benzene_Domestic_山东鲁中,0,0.7829859989571569,0.7829859989571569
Toluene_Domestic_江苏,Methanol_Domestic_山东中部,0,0.5049449205404908,0.5049449205404908
Toluene_Domestic_西南,Benzene_Domestic_华东,0,0.7236577321442181,0.7236577321442181
Toluene_Domestic_西南,Benzene_Domestic_华南,0,0.7274423292093695,0.7274423292093695
Toluene_Domestic_西南,Benzene_Domestic_山东,0,0.7680286880578793,0.7680286880578793
Toluene_Domestic_西南,Benzene_Domestic_山东鲁中,0,0.7663565599523954,0.7663565599523954
Toluene_Domestic_西南,Methanol_Domestic_山东中部,0,0.45233084382237015,0.45233084382237015
VAM_Domestic_华东,Ethylene_Domestic_华东,8,0.6241776291674825,0.6015182927854632
VAM_Domestic_华东,Acetic_Acid_Domestic_华南,6,0.6020384731237516,0.5841579686097333
VAM_Domestic_华东,Acetic_Acid_Domestic_山东,6,0.5683775706084124,0.5488061395761469
VAM_Domestic_华东,Acetic_Acid_Domestic_江苏,7,0.5883766181454917,0.5637186163989494
VAM_Domestic_华东,Methanol_Domestic_山东中部,0,0.5229514882132982,0.5229514882132982
VAM_Domestic_华中,Ethylene_Domestic_华东,5,0.6270591572359084,0.6194422319526115
VAM_Domestic_华中,Acetic_Acid_Domestic_华南,5,0.6264739105873465,0.6161472936098
VAM_Domestic_华中,Acetic_Acid_Domestic_山东,6,0.5934640337757007,0.581408329071312
VAM_Domestic_华中,Acetic_Acid_Domestic_江苏,6,0.6119595776646802,0.5972167664095216
VAM_Domestic_华中,Methanol_Domestic_山东中部,0,0.5215712211893373,0.5215712211893373
VAM_Domestic_华北,Ethylene_Domestic_华东,3,0.7492429052847294,0.7440613872645602
VAM_Domestic_华北,Acetic_Acid_Domestic_华南,5,0.7804442138984609,0.764280380804432
VAM_Domestic_华北,Acetic_Acid_Domestic_山东,6,0.7726525572627368,0.7532922339781124
VAM_Domestic_华北,Acetic_Acid_Domestic_江苏,7,0.788761620996187,0.7664020301085719
VAM_Domestic_华北,Methanol_Domestic_山东中部,0,0.5353208256610791,0.5353208256610791
VAM_Domestic_华南,Ethylene_Domestic_华东,2,0.6163069374447318,0.6138421025556953
VAM_Domestic_华南,Acetic_Acid_Domestic_华南,5,0.6206365339544375,0.6127476714310004
VAM_Domestic_华南,Acetic_Acid_Domestic_山东,5,0.5928259770697055,0.583733978477619
VAM_Domestic_华南,Acetic_Acid_Domestic_江苏,6,0.6132820973234893,0.6010806004287913
VAM_Domestic_华南,Methanol_Domestic_山东中部,0,0.4944932509558173,0.4944932509558173
VAM_Domestic_山东,Ethylene_Domestic_华东,1,0.6154845027941078,0.6132264426203573
VAM_Domestic_山东,Acetic_Acid_Domestic_华南,3,0.603113967153401,0.5985694776525661
VAM_Domestic_山东,Acetic_Acid_Domestic_山东,4,0.5719147161889109,0.566535031450182
VAM_Domestic_山东,Acetic_Acid_Domestic_江苏,5,0.5947908267583921,0.5869732194805015
VAM_Domestic_山东,Methanol_Domestic_山东中部,0,0.5181042514260344,0.5181042514260344
VAM_Domestic_江苏,Ethylene_Domestic_华东,8,0.715273199776511,0.6885315337843362
VAM_Domestic_江苏,Acetic_Acid_Domestic_华南,5,0.7765749506235728,0.7549991073108523
VAM_Domestic_江苏,Acetic_Acid_Domestic_山东,5,0.7492283335294386,0.729000434860517
VAM_Domestic_江苏,Acetic_Acid_Domestic_江苏,7,0.8051055659053806,0.7714425609062654
VAM_Domestic_江苏,Methanol_Domestic_山东中部,0,0.5857304178733036,0.5857304178733036
n-Butanol_Domestic_东北,Propylene_Domestic_华东,0,0.368033865453177,0.368033865453177
n-Butanol_Domestic_东北,Propylene_Domestic_华南,0,0.362566481832794,0.362566481832794
n-Butanol_Domestic_东北,Propylene_Domestic_山东,0,0.4051349420068686,0.4051349420068686
n-Butanol_Domestic_华东,Propylene_Domestic_华东,0,0.3323629996309987,0.3323629996309987
n-Butanol_Domestic_华东,Propylene_Domestic_华南,0,0.3269428335171333,0.3269428335171333
n-Butanol_Domestic_华东,Propylene_Domestic_山东,0,0.37112020704401766,0.37112020704401766
n-Butanol_Domestic_华南,Propylene_Domestic_华东,0,0.3140180677305872,0.3140180677305872
n-Butanol_Domestic_华南,Propylene_Domestic_华南,0,0.3096368251204003,0.3096368251204003
n-Butanol_Domestic_华南,Propylene_Domestic_山东,0,0.35273212942516546,0.35273212942516546
n-Butanol_Domestic_山东,Propylene_Domestic_华东,0,0.36712792925994786,0.36712792925994786
n-Butanol_Domestic_山东,Propylene_Domestic_华南,0,0.3615316158865971,0.3615316158865971
n-Butanol_Domestic_山东,Propylene_Domestic_山东,0,0.40683450588039116,0.40683450588039116
n-Butanol_Domestic_河南,Propylene_Domestic_华东,0,0.8109757533522559,0.8109757533522559
n-Butanol_Domestic_河南,Propylene_Domestic_华南,0,0.8063589565895721,0.8063589565895721
n-Butanol_Domestic_河南,Propylene_Domestic_山东,0,0.803516393460124,0.803516393460124
n_Propyl_Acetate_Domestic_华东,n-Propanol_Domestic_华东,0,0.7540524806885236,0.7540524806885236
n_Propyl_Acetate_Domestic_华东,Isopropanol_Domestic_华南,7,0.5828317145128826,0.5698858298741186
n_Propyl_Acetate_Domestic_华东,Isopropanol_Domestic_山东,7,0.5451485869648586,0.5339071044698986
n_Propyl_Acetate_Domestic_华东,Isopropanol_Domestic_江苏,6,0.5683605181114396,0.5570490412812017
n_Propyl_Acetate_Domestic_华东,Acetic_Acid_Domestic_华南,7,0.4130511041336951,0.3989941386117123
n_Propyl_Acetate_Domestic_华东,Acetic_Acid_Domestic_山东,8,0.41066901497193475,0.39432021345254287
n_Propyl_Acetate_Domestic_华东,Acetic_Acid_Domestic_江苏,8,0.39474315602238547,0.37633895715704985
n_Propyl_Acetate_Domestic_华东,Propylene_Domestic_华东,60,-0.06123899466972225,0.009975353415058102
n_Propyl_Acetate_Domestic_华东,Propylene_Domestic_华南,60,-0.05997799927523279,0.023216134299754512
n_Propyl_Acetate_Domestic_华东,Propylene_Domestic_山东,60,-0.05804518802382971,0.02169069057637931
n_Propyl_Acetate_Domestic_华东,Methanol_Domestic_山东中部,60,-0.15374250930388553,0.003942387311657614
Dicarboxylic_Acid_Domestic_华东,Cyclohexane_Domestic_山东,0,0.9720656547588672,0.9720656547588672
Dicarboxylic_Acid_Domestic_华东,Nitric_Acid_Domestic_华南,0,0.4504312490737079,0.4504312490737079
Dicarboxylic_Acid_Domestic_华东,Nitric_Acid_Domestic_山东,0,0.4348618596526679,0.4348618596526679
Dicarboxylic_Acid_Domestic_华东,Nitric_Acid_Domestic_江苏,0,0.4286444973134839,0.4286444973134839
Dibasic_Ester_Domestic_华东,Dicarboxylic_Acid_Domestic_华东,0,0.963216261450198,0.963216261450198
Dibasic_Ester_Domestic_华东,Dicarboxylic_Acid_Domestic_山东,0,0.9732819345180843,0.9732819345180843
Dibasic_Ester_Domestic_华东,Dicarboxylic_Acid_Domestic_华南,0,0.9338168513170546,0.9338168513170546
Dibasic_Ester_Domestic_华东,Methanol_Domestic_山东中部,0,0.6832525771724064,0.6832525771724064
Dibasic_Ester_Domestic_华东,Cyclohexane_Domestic_山东,0,0.9651626865813276,0.9651626865813276
Dicarboxylic_Acid_Domestic_山东,Cyclohexane_Domestic_山东,0,0.9913475737635584,0.9913475737635584
Dicarboxylic_Acid_Domestic_山东,Nitric_Acid_Domestic_华南,0,0.38071892359967857,0.38071892359967857
Dicarboxylic_Acid_Domestic_山东,Nitric_Acid_Domestic_山东,0,0.37315309781768763,0.37315309781768763
Dicarboxylic_Acid_Domestic_山东,Nitric_Acid_Domestic_江苏,0,0.37049267842909267,0.37049267842909267
Dibasic_Ester_Domestic_山东,Dicarboxylic_Acid_Domestic_华东,0,0.9359755132116826,0.9359755132116826
Dibasic_Ester_Domestic_山东,Dicarboxylic_Acid_Domestic_山东,0,0.9631784000422537,0.9631784000422537
Dibasic_Ester_Domestic_山东,Dicarboxylic_Acid_Domestic_华南,0,0.9048021801864812,0.9048021801864812
Dibasic_Ester_Domestic_山东,Methanol_Domestic_山东中部,0,0.7325672316934841,0.7325672316934841
Dibasic_Ester_Domestic_山东,Cyclohexane_Domestic_山东,0,0.963097014453016,0.963097014453016
Dicarboxylic_Acid_Domestic_华南,Cyclohexane_Domestic_山东,0,0.9194436938383775,0.9194436938383775
Dicarboxylic_Acid_Domestic_华南,Nitric_Acid_Domestic_华南,0,0.6181856605629577,0.6181856605629577
Dicarboxylic_Acid_Domestic_华南,Nitric_Acid_Domestic_山东,0,0.5997227295633679,0.5997227295633679
Dicarboxylic_Acid_Domestic_华南,Nitric_Acid_Domestic_江苏,0,0.602298804816939,0.602298804816939
Dibasic_Ester_Domestic_华南,Dicarboxylic_Acid_Domestic_华东,0,0.9532729282315527,0.9532729282315527
Dibasic_Ester_Domestic_华南,Dicarboxylic_Acid_Domestic_山东,0,0.9597518071582313,0.9597518071582313
Dibasic_Ester_Domestic_华南,Dicarboxylic_Acid_Domestic_华南,0,0.9668911210121599,0.9668911210121599
Dibasic_Ester_Domestic_华南,Methanol_Domestic_山东中部,0,0.6496045461343367,0.6496045461343367
Dibasic_Ester_Domestic_华南,Cyclohexane_Domestic_山东,0,0.9301075534979987,0.9301075534979987
Dicarboxylic_Acid_Domestic_华北,Cyclohexane_Domestic_山东,0,0.9720656547588672,0.9720656547588672
Dicarboxylic_Acid_Domestic_华北,Nitric_Acid_Domestic_华南,0,0.4504312490737079,0.4504312490737079
Dicarboxylic_Acid_Domestic_华北,Nitric_Acid_Domestic_山东,0,0.4348618596526679,0.4348618596526679
Dicarboxylic_Acid_Domestic_华北,Nitric_Acid_Domestic_江苏,0,0.4286444973134839,0.4286444973134839
Dibasic_Ester_Domestic_华北,Dicarboxylic_Acid_Domestic_华东,0,0.963216261450198,0.963216261450198
Dibasic_Ester_Domestic_华北,Dicarboxylic_Acid_Domestic_山东,0,0.9732819345180843,0.9732819345180843
Dibasic_Ester_Domestic_华北,Dicarboxylic_Acid_Domestic_华南,0,0.9338168513170546,0.9338168513170546
Dibasic_Ester_Domestic_华北,Methanol_Domestic_山东中部,0,0.6832525771724064,0.6832525771724064
Dibasic_Ester_Domestic_华北,Cyclohexane_Domestic_山东,0,0.9651626865813276,0.9651626865813276
